country,code,region,income group,year,Number of conference papers Percapita,Number of journal papers Percapita,Number of Deep Learning papers Percapita,Number of patents Percapita,Total Funding Amount Percapita,Total Number of Startups Percapita,AI hiring index,Number of conference papers,Count of conference citation,Count of citation references,Number of journal papers,Count of journal citation,Count of journal references,Number of AI occupational skills,Number of Deep Learning papers,Number of patents,Count of patent citation,Count of patent references,Percentile Rank,Proportion of female AI authors,Proportion of female in AI workplace,Revealed Comparative Advantage - Deep Learning Papers,Share of total enrollment,Skill Penetration Index,Total Funding Amount,Total Number of Startups,Total number of hires on LinkedIn,Number of conference papers Percapita scaled,Number of journal papers Percapita scaled,Number of Deep Learning papers Percapita scaled,Number of patents Percapita scaled,Total Funding Amount Percapita scaled,Total Number of Startups Percapita scaled,AI hiring index scaled,Number of conference papers scaled,Count of conference citation scaled,Count of citation references scaled,Number of journal papers scaled,Count of journal citation scaled,Count of journal references scaled,Number of AI occupational skills scaled,Number of Deep Learning papers scaled,Number of patents scaled,Count of patent citation scaled,Count of patent references scaled,Percentile Rank scaled,Proportion of female AI authors scaled,Proportion of female in AI workplace scaled,Revealed Comparative Advantage - Deep Learning Papers scaled,Share of total enrollment scaled,Skill Penetration Index scaled,Total Funding Amount scaled,Total Number of Startups scaled,Total number of hires on LinkedIn scaled
Australia,AUS,East Asia & Pacific,High income,2018,4.23e-05,4.2e-05,1.53e-05,1.18e-06,6.608160075,1.28e-06,2.647439735,1057.647655,3275,37637,1049.783333,9594,82064,23,383,29.5,145,288,0.593220353,26.79131054,0.179466748,1.141056803,0.065224105,0.62754,165153575,32,3406,38.69002573,65.03608661,43.07036728,6.344086022000001,4.39292484,8.016268197,77.76487094,8.557990086,1.604104914,11.60676951,9.531041502999999,5.590189931,15.10466241,14.64968153,12.41468963,1.020055325,2.249108112,0.411952339,59.3220353,64.33759857,56.26590857,75.42708928,42.71533436,23.86383082,0.898171443,2.08913649,5.904071833
Austria,AUT,Europe & Central Asia,High income,2018,2.58e-05,1.9600000000000002e-05,7.46e-06,3.5799999999999995e-07,2.923420802,1.81e-06,0.0,228.4075758,537,6513,172.99292930000001,1261,12610,0,66,3.166666667,0,36,0.898305059,25.41103237,0.0,0.670600431,0.096432918,0.0,25863612,16,0,23.08158014,29.10986367,20.97490587,1.924731183,1.939993331,11.37380111,0.0,1.232168409,0.240117568,1.517985355,1.196541108,0.5465506179999999,1.8830857330000002,0.0,2.112447189,0.109497464,0.0,0.051494042000000004,89.8305059,61.02294986,0.0,41.50134822,67.01327072,0.0,0.138310781,0.974930362,0.0
Belgium,BEL,Europe & Central Asia,High income,2018,2.45e-05,2.48e-05,3.15e-06,1.31e-07,1.8048703609999999,8.75e-07,1.615986745,279.4833333,495,6549,282.7111833,1568,19949,15,36,1.5,0,6,0.915254235,30.87467167,0.14757738,0.671435549,0.097999719,0.57167,20615352,10,1132,21.85182382,37.44987971,8.82803869,0.704301075,1.1953741279999999,5.450606256,47.467369700000006,1.683391041,0.21919446,1.529654685,2.239489146,0.732365723,3.280170871,9.554140127,1.137471563,0.05186722,0.0,0.00858234,91.5254235,74.14352608,46.26804387,41.56157059,68.23311945,21.73922964,0.109680245,0.557103064,1.962245835
Brazil,BRA,Latin America & Caribbean,Upper middle income,2018,3.84e-06,2.47e-06,2.39e-07,2.39e-09,0.022799557,2.3900000000000002e-08,2.858831688,803.3412698,346,18170,517.247619,1616,25491,22,50,0.5,0,0,0.35593220600000003,25.25119044,0.0,0.709126087,0.034350633,0.5734100000000001,4775808,5,3035,2.308158014,1.635926223,0.623971321,0.012849461999999999,0.009049316,0.058915199999999994,83.97421641,6.311350933,0.144967245,5.296579266,4.468920498999999,0.761418247,4.335170985,14.01273885,1.5924601880000002,0.017289073000000002,0.0,0.0,35.5932206,60.63909981,0.0,44.27952598,18.67848113,21.80539764,0.023271676,0.20891364899999998,5.260968296000001
Canada,CAN,North America,High income,2018,3.4899999999999995e-05,3.18e-05,8.5e-06,7.75e-06,21.02276527,3.7e-06,2.3958455069999998,1293.5500359999999,3777,37945,1179.813864,7114,75956,40,315,287.1666667,13,1137,0.559322059,32.23143553,0.18027322899999998,0.981417522,0.073404466,0.8406600000000001,779079631,137,6939,31.68987438,48.67682438,23.90593646,41.66666667,13.98872977,23.34689016,70.37463938,10.64204128,1.854185867,11.70660711,10.76707181,4.089142829,13.94191598,25.47770701,10.20474488,9.929691103,0.201644176,1.626353507,55.9322059,77.40170669,56.51875422,63.91511658,49.08423699,31.96826978,4.247287555,9.401114206,12.02828962
China,CHN,East Asia & Pacific,Upper middle income,2018,6.57e-06,7.59e-06,1.08e-06,1.65e-07,11.78336389,2.1800000000000002e-07,1.127617247,9144.091667,13491,234796,10567.128209999999,46107,528026,57,1509,230.16666669999998,10,396,0.8305084709999999,0.0,0.0,1.481815238,0.112383231,1.56916,16411044387,303,2199,4.890646284,9.847634322000001,2.994160485,0.8870967740000001,7.838058827,1.2885324409999999,33.12219293,79.99670648,6.6934017489999995,75.51547645,100.0,27.69008219,100.0,36.30573248,49.00877478,7.9587367460000005,0.155110904,0.566434467,83.05084709999998,0.0,0.0,100.0,79.43154789,59.67136561,89.52346131,20.96100279,3.811818544
Denmark,DNK,Europe & Central Asia,High income,2018,2.9100000000000003e-05,2.8000000000000003e-05,5.69e-06,3.45e-07,18.96437121,2.07e-06,1.8900444790000002,168.98055559999997,376,5019,162.2484127,897,10759,9,33,2.0,0,6,0.7627118829999999,39.2469546,0.151869159,0.7020348259999999,0.089946071,0.48657,109944918,12,1370,26.20326926,42.58219727,15.98651726,1.85483871,12.61845652,13.02089272,55.51743559,0.707167551,0.159912322,1.033708157,1.094407031,0.32623564,1.530721025,5.732484076,1.039974001,0.069156293,0.0,0.00858234,76.27118829999999,94.24902176,47.61359032,43.76815809,61.96287052,18.50308214,0.596994777,0.69637883,2.374802822
Finland,FIN,Europe & Central Asia,High income,2018,4.7799999999999996e-05,3.19e-05,2.17e-06,7.76e-06,3.9642455219999997,2.54e-06,1.794207839,263.8388889,373,6218,176.19047619999998,1002,12834,11,12,42.83333333,1,155,1.0,17.73504274,0.0,0.314197405,0.138801811,0.6652899999999999,21874905,14,1082,43.89284093,48.8372093,6.066106013,41.72043011,2.632870509,15.99832757,52.70236719,1.54518208,0.158417815,1.4223616780000001,1.226936007,0.38978803799999995,1.9257273830000001,7.006369427,0.357491063,1.48109728,0.01551109,0.22171046,100.0,42.58955749,0.0,15.8002684,100.0,25.29937216,0.116551413,0.8356545959999999,1.8755741999999997
France,FRA,Europe & Central Asia,High income,2018,1.84e-05,1.3699999999999998e-05,3.4e-06,8.14e-06,11.30348696,1.76e-06,1.869428043,1233.651227,2088,33270,916.5995421,5021,64524,49,228,545.0,22,1224,0.644067824,31.32129067,0.19270941800000002,0.7177503709999999,0.101763344,0.90249,757189439,118,6514,16.08142879,19.64715317,9.532613352,43.76344086,7.51860468,11.05705272,54.91185638,10.11287246,1.012778041,10.19121494,8.265037275,2.822331707,11.7656689,31.21019108,7.377315567,18.845089899999998,0.34124398899999997,1.7507974419999999,64.4067824,75.21605271,60.41771311,44.90144386,71.16332768,34.31951538,4.127871228,8.077994429,11.29158072
Germany,DEU,Europe & Central Asia,High income,2018,2.51e-05,1.64e-05,6.04e-06,3.07e-06,5.1503295719999995,7.96e-07,2.004983604,2081.449639,4262,50595,1357.839694,7338,87294,0,501,254.83333330000002,54,728,0.949152529,24.82405469,0.148219516,0.841607113,0.132363859,0.0,427106129,66,6611,22.41940366,23.97754611,16.97292179,16.50537634,3.422446847,4.950143804,58.893613,17.602645499999998,2.095797943,15.80708004,12.45933069,4.2247212769999996,16.10026879,0.0,16.24959376,8.81166436,0.837598883,1.041323969,94.91525290000001,59.61336095,46.46936454,53.83305156,94.98766749,0.0,2.327186404,4.456824513,11.45972369
India,IND,South Asia,Lower middle income,2018,1.66e-06,2.18e-06,1.35e-07,2.58e-08,0.196747772,5.0999999999999993e-08,2.4892799269999997,2242.522222,1641,41840,2947.329304,7607,100341,155,183,34.83333333,2,177,0.406779647,27.14734513,0.190007895,1.010785159,0.115194249,2.62967,266124445,69,29244,0.24595126399999998,1.1708099440000002,0.330868261,0.138709677,0.12484666900000001,0.23059282600000003,73.1191459,19.02562184,0.7900963959999999,12.9691638,27.56853094,4.387536466999999,18.58395456,98.72611465,5.914852129,1.204472107,0.031022181,0.25317904199999997,40.677964700000004,65.19259259,59.57073924,66.03288755,81.62009433,100.0,1.448992123,4.665738162,50.69250637
Ireland,IRL,Europe & Central Asia,High income,2018,3.8e-05,2.3100000000000002e-05,5.98e-06,4.1200000000000004e-07,18.50888883,3.91e-06,1.781902446,184.4511905,388,4181,111.9790043,484,6811,18,29,2.0,0,6,0.440677971,33.57684121,0.161618869,0.8872840559999999,0.072519981,0.72564,89833003,19,1293,34.62237021,34.72333601,16.80382387,2.2150537630000002,12.31524183,24.67723339,52.34091334,0.8438410129999999,0.16589035300000002,0.762072084,0.616561468,0.076262877,0.7791619390000001,11.46496815,0.9099772509999999,0.069156293,0.0,0.00858234,44.0677971,80.63261137,50.67029189,57.12692583,48.39561226,27.59433693,0.487279384,1.183844011,2.241328503
Israel,ISR,Middle East & North Africa,High income,2018,3.2200000000000003e-05,2.59e-05,1.3699999999999998e-05,1.01e-06,150.2269865,1.58e-05,1.8784382030000002,286.03333330000004,931,7795,229.8409091,865,13394,32,122,9.0,0,14,0.694915235,28.45705337,0.177907674,0.8243458790000001,0.115248404,1.23294,1334586503,140,1434,29.1357651,39.21411387,38.56108944,5.4301075270000005,100.0,100.0,55.17651733,1.7412562280000001,0.436396244,1.933543165,1.7369205509999999,0.30686729,2.032331508,20.38216561,3.93240169,0.31120332,0.0,0.020025461,69.4915235,68.33777218,55.77711208,52.58830244,81.66225725,46.88573091,7.277712794,9.610027855,2.4857425159999997
Italy,ITA,Europe & Central Asia,High income,2018,1.56e-05,1.31e-05,3.57e-06,1.84e-06,0.570555998,3.64e-07,1.895516856,939.7730159,1939,26805,793.7980159,4165,50476,20,216,111.0,14,170,0.7118644120000001,30.74624299,0.318961788,0.690349227,0.080218796,0.47803,34479431,22,2804,13.43272287,18.68484362,10.01172412,9.892473118,0.373690864,2.213437734,55.67817908,7.516640774,0.938550826,8.095597745,7.0977236679999995,2.304228353,9.091428267000001,12.738853500000001,6.987325317000001,3.8381742739999996,0.217155266,0.24316631100000002,71.1864412,73.83511292,100.0,42.92548143,54.38960239,18.17832656,0.18531217100000003,1.39275766,4.8605453380000005
Japan,JPN,East Asia & Pacific,High income,2018,1.86e-05,1.13e-05,2.16e-06,5.59e-06,3.7270124339999997,8.85e-07,0.0,2357.813889,2228,38529,1429.214683,4145,45287,0,273,707.8333332999999,43,1704,0.983050823,9.78939724,0.0,1.007304958,0.118279173,0.0,471575529,112,0,16.27062207,15.797915,6.037923027000001,30.05376344,2.474944406,5.513955934,0.0,20.0441522,1.0825217329999999,11.89590958,13.13779943,2.292123134,8.103626825,0.0,8.839779006,24.47556478,0.666976888,2.437384675,98.3050823,23.50860399,0.0,65.78192189,84.02189305,0.0,2.569777809,7.660167131000001,0.0
Netherlands,NLD,Europe & Central Asia,High income,2018,2.3800000000000003e-05,2.9999999999999997e-05,8.07e-06,7.74e-07,2.556640563,9.87e-07,2.120247976,410.03217889999996,1164,11888,517.318229,3468,36117,20,139,13.33333333,0,29,0.864406765,41.64176335,0.174478364,0.9345756540000001,0.085806442,0.59392,44053517,17,3426,21.18964734,45.78989575,22.69406805,4.161290323,1.695827669,6.160122645,62.27934409,2.8367091060000003,0.552469674,3.2602811660000004,4.469591696,1.882361486,6.357984267999999,12.738853500000001,4.484887878,0.461041955,0.0,0.041481312,86.4406765,100.0,54.70196449,60.53723676,58.73992058,22.58534341,0.23754114199999998,1.044568245,5.938740488
Norway,NOR,Europe & Central Asia,High income,2018,3.16e-05,2.2800000000000002e-05,4.52e-06,2.82e-07,10.96762267,2.45e-06,0.0,167.8527778,97,4058,121.40162340000002,699,8239,9,24,1.5,0,2,0.7796609999999999,0.0,0.179579707,0.680761043,0.10756822699999999,0.5219699999999999,58285632,13,0,28.56818526,34.24218123,12.68910784,1.5161290319999998,7.29501977,15.42818047,0.0,0.697204334,0.020923108,0.7222018729999999,0.706129993,0.206393976,1.05100246,5.732484076,0.747481313,0.05186722,0.0,0.00286078,77.9661,0.0,56.30132315,42.23405441,75.68277793,19.84925865,0.315180794,0.766016713,0.0
Portugal,PRT,Europe & Central Asia,High income,2018,3.14e-05,1.88e-05,1.46e-06,3.89e-07,1.2520040829999999,7.78e-07,1.614933814,322.42619049999996,270,6887,193.4901154,1003,11533,8,15,4.0,0,27,0.49152541200000005,34.48621554,0.154229585,0.609636755,0.061252965,0.39676999999999996,12872808,8,901,28.37899198,27.82678428,4.065113972,2.0913978490000003,0.82733096,4.836114384,47.43644131,2.062764545,0.107106384,1.6392167290000002,1.3913810659999999,0.39039329899999997,1.678063155,5.095541401,0.454988625,0.138312586,0.0,0.038620532,49.1525412,82.81641498,48.35362442,37.10511085,39.62356324,15.08820498,0.067442782,0.41782729799999996,1.561822878
Russia,RUS,Europe & Central Asia,Upper middle income,2018,1.78e-06,2.42e-06,2.77e-07,1.1800000000000001e-07,0.191840823,7.61e-08,0.0,256.7083333,191,4011,349.6964646,697,10023,0,40,17.0,1,12,0.542372882,0.0,0.0,0.625987166,0.089642844,0.0,27716788,11,0,0.359467232,1.555733761,0.73106667,0.634408602,0.121580113,0.38960051700000004,0.0,1.482188045,0.067751015,0.7069669140000001,2.876230665,0.205183455,1.390612745,0.0,1.267468313,0.587828492,0.01551109,0.017164681,54.2372882,0.0,0.0,38.28417833,61.72679007,0.0,0.148420307,0.626740947,0.0
Singapore,SGP,East Asia & Pacific,High income,2018,9.31e-05,6.38e-05,3.5499999999999996e-05,3.81e-06,65.45437386,8.34e-06,3.4044160339999996,524.9833333,2264,20530,359.6159091,4871,34898,17,200,21.5,0,63,0.932203412,16.66220346,0.0,1.2665321729999999,0.108950812,0.84846,369076007,47,1775,86.74511881,100.0,100.0,20.48387097,43.56685854,52.74114055,100.0,3.852231244,1.100455825,6.061568682000001,2.9705218589999998,2.731542568,6.125929931,10.82802548,6.467338317,0.7434301520000001,0.0,0.090114574,93.22034120000001,40.01320338,0.0,84.47542014,76.75920344,32.26488495,2.01061796,3.133704735,3.076843072
South Africa,ZAF,Sub-Saharan Africa,Upper middle income,2018,1.66e-06,1.64e-06,2.25e-07,0.0,0.19143848,8.65e-08,2.226624414,95.63888889,55,1830,95.02380952,358,5972,9,13,0.0,0,0,0.338983059,0.0,0.0,1.041163948,0.047514312,0.36102,11061243,5,549,0.24595126399999998,0.304731355,0.58451514,0.0,0.12131227300000001,0.455484182,65.40400444,0.059239424000000006,0.0,0.0,0.45539059200000004,0.0,0.619446115,5.732484076,0.38999025,0.0,0.0,0.0,33.898305900000004,0.0,0.0,68.22357513,28.92719628,13.72871881,0.057560254000000005,0.20891364899999998,0.951654562
Spain,ESP,Europe & Central Asia,High income,2018,1.75e-05,2.0600000000000003e-05,2.87e-06,7.13e-08,2.688785911,7.28e-07,1.878981255,819.0757937000001,1523,21027,962.8832722999999,4989,59798,38,134,3.333333333,0,30,0.525423706,33.26728173,0.166441843,0.7813445809999999,0.054995681,0.8942100000000001,125630158,34,3988,15.23005903,30.71371291,8.038915068,0.38333333299999994,1.7837968469999999,4.519365996,55.19246873,6.450355691,0.731312427,6.222670267000001,8.704996205,2.802963358,10.86600623,24.20382166,4.32239194,0.11526048900000001,0.0,0.042911702,52.5423706,79.88922431,52.18237709,49.48737537,34.75189162,34.00464697,0.68256158,2.228412256,6.912929675
Sweden,SWE,Europe & Central Asia,High income,2018,2.5300000000000002e-05,2.37e-05,6.48e-06,1.13e-06,15.71050159,3.83e-06,1.828415128,257.2111111,446,6726,241.39527420000002,1307,14185,14,66,11.5,3,83,0.8813559409999999,29.77129571,0.16147239300000002,0.583509466,0.107824592,0.5613,159982787,39,1915,22.60859694,35.68564555,18.21297319,6.075268817,10.45235501,24.17043597,53.70715887,1.486629775,0.194784168,1.5870288909999999,1.846752798,0.574392621,2.182909836,8.917197452,2.112447189,0.39764868600000003,0.046533270999999994,0.11872237599999999,88.1355941,71.49384011,50.62436915,35.22100917,75.88237349,21.34488358,0.869963536,2.576601671,3.319523653
Switzerland,CHE,Europe & Central Asia,High income,2018,5.660000000000001e-05,4.3700000000000005e-05,2.68e-05,5.5e-06,23.46595984,2.7e-06,1.768821659,482.3611472,2555,18014,372.4091381,3203,29080,25,228,46.83333333,1,270,0.796610177,24.52997564,0.176245834,1.141275866,0.107944384,0.68329,199848856,23,1821,52.21734524,67.76263031,75.48080175,29.56989247,15.61516477,17.01192241,51.95668336,3.475690671,1.24542307,5.246012169,3.092130366,1.72196734,5.018389212,15.92356688,7.377315567,1.619409866,0.01551109,0.38620531799999996,79.6610177,58.90714914,55.25609670000001,75.44288644,75.97563876,25.983868700000002,1.087442648,1.4623955430000002,3.156580977
United Arab Emirates,ARE,Middle East & North Africa,High income,2018,1.07e-05,7.61e-06,1.45e-06,4.15e-06,5.891044807,8.31e-07,0.0,103.2333333,198,3140,73.26666667,399,5154,6,14,40.0,2,349,0.186440677,0.0,0.166491413,1.155230861,0.055519734,0.39671999999999996,56736411,8,0,8.797487513,9.879711307,4.036930986000001,22.31182796,3.915541094,5.171867675,0.0,0.126331629,0.0712382,0.42463395600000003,0.248573872,0.024815697999999997,0.463727946,3.821656051,0.422489438,1.3831258640000001,0.031022181,0.49920613399999997,18.6440677,0.0,52.19791814,76.44921471,35.15989838,15.086303599999999,0.30672941600000003,0.41782729799999996,0.0
United Kingdom,GBR,Europe & Central Asia,High income,2018,3.06e-05,3.16e-05,9.01e-06,2.82e-06,22.34413629,3.37e-06,1.928972146,2033.811147,6812,62192,2100.973027,16346,146551,53,599,187.5,5,594,0.677966118,29.890845600000002,0.165981397,0.91841411,0.08350237,0.9133600000000001,1485639077,224,8583,27.62221886,48.35605453,25.34326878,15.16129032,14.86836666,21.25635081,56.66088183,17.18178897,3.3661294739999996,19.56622507,19.52332801,9.676911717000001,27.38069856,33.75796178,19.43451414,6.48340249,0.077555452,0.8496517,67.79661180000001,71.78093144,52.03801936,59.37178894,56.94606207,34.73287523,8.101741363,15.45961003,14.87805301
United States of America,USA,North America,High income,2018,3.4899999999999995e-05,2.57e-05,9.41e-06,7.42e-06,56.03093548,4.4e-06,2.200960942,11408.347259999999,42160,310331,8418.048857,48175,464274,157,3078,2428.333333,353,12849,0.813559294,26.95409271,0.20196565100000002,1.03873218,0.09057657300000001,1.98863,18331497385,1438,57689,31.68987438,38.89334403,26.47058824,39.89247312,37.29367414,27.78136759,64.65017554,100.0,20.97541535,100.0,79.57151146,28.94176179,87.86388176,100.0,100.0,83.96726601,5.475414922000001,18.37908198,81.35592940000001,64.72850941,63.31970117,68.04821449,62.45375421,75.62279678,100.0,100.0,100.0
Australia,AUS,East Asia & Pacific,High income,2017,4.13e-05,3.52e-05,1.12e-05,1.44e-06,2.895329947,1.38e-06,1.718185008,1016.395635,9077,35170,865.246176,16229,62163,0,276,35.33333333,71,189,0.0,32.50086625,0.0,1.1501476240000001,0.068895367,0.0,71230502,34,2030,37.74405933,54.12991179,31.51534282,7.741935484,1.9212932440000001,8.649764973,50.46930195,8.19355408,4.494482776,10.80709625,7.776887942999999,9.606096187999999,11.31621829,0.0,8.937276568,1.22176118,1.1012874209999999,0.270343723,0.0,78.04872713,0.0,76.08265026,45.57363245,0.0,0.38579821200000003,2.228412256,3.518868415
Austria,AUT,Europe & Central Asia,High income,2017,2.5300000000000002e-05,1.75e-05,6.37e-06,3.41e-07,1.417774075,9.090000000000001e-07,0.0,222.5359649,1722,6641,154.3231602,2878,10943,0,56,3.0,0,3,0.0,21.53897849,0.0,0.828842016,0.09099234099999999,0.0,12472961,8,0,22.60859694,25.74178027,17.90296034,1.8333333330000001,0.93768407,5.66599516,0.0,1.1802963690000001,0.8304481029999999,1.5594763059999999,1.019072014,1.525257539,1.5657480940000001,0.0,1.787455314,0.10373444,0.0,0.00429117,0.0,51.72446303,0.0,52.9125297,62.77745458,0.0,0.06526152,0.41782729799999996,0.0
Belgium,BEL,Europe & Central Asia,High income,2017,2.07e-05,2.2800000000000002e-05,1.32e-06,4.69e-07,4.131789906,6.15e-07,1.3131737829999999,235.8833333,1210,6275,259.2251804,3449,19060,0,15,5.333333333,2,24,0.0,32.99832174,0.0,0.623063843,0.095761712,0.0,46999763,7,840,18.25715151,34.24218123,3.6705521610000003,2.521505376,2.744404832,3.80351464,38.57265886,1.298212089,0.575385458,1.440838117,2.016238412,1.870861528,3.1109368219999998,0.0,0.454988625,0.184416782,0.031022181,0.034329362,0.0,79.2433343,0.0,38.07337048,66.49069651,0.0,0.253613631,0.348189415,1.456083482
Brazil,BRA,Latin America & Caribbean,Upper middle income,2017,3.45e-06,2.28e-06,1.44e-07,9.620000000000001e-09,0.055361126,3.85e-08,1.632207472,716.1565998,1435,15405,474.51565660000006,3628,23334,0,30,2.0,2,7,0.0,22.25934303,0.0,0.8680889490000001,0.029567509,0.0,11505915,8,1531,1.939231119,1.3311948679999999,0.35623294899999997,0.05172043,0.030725557,0.15140572900000002,47.94383106,5.541128458999999,0.687473535,4.4003098860000005,4.062723583,1.979203235,3.924554737,0.0,0.9424764379999999,0.069156293,0.031022181,0.01001273,0.0,53.45437186,0.0,55.74272048,14.95453166,0.0,0.059986048,0.41782729799999996,2.653885489
Canada,CAN,North America,High income,2017,3.48e-05,2.8999999999999997e-05,5.25e-06,1.06e-05,12.49451914,2.46e-06,1.7317449459999998,1270.518687,12090,38037,1059.449856,14395,62593,0,192,387.0,136,1953,0.0,33.24904791,0.0,1.009109113,0.072695442,0.0,456553078,90,4370,31.59527774,44.18604651,14.74646585,56.98924731,8.311474987999999,15.49153015,50.86760633,10.4385736,5.99546666,11.73642873,9.622928502999999,8.496047646000001,11.39807503,0.0,6.207344816,13.38174274,2.109508298,2.793551802,0.0,79.84543697,0.0,65.91202384,48.53221920000001,0.0,2.487826681,6.128133705,7.575100972
China,CHN,East Asia & Pacific,Upper middle income,2017,6.18e-06,5.08e-06,6.16e-07,1.7899999999999997e-07,4.53726573,1.1e-07,0.963617508,8568.435206999999,36164,205039,7047.010534,88554,373905,0,854,248.33333330000002,63,1106,0.0,0.0,0.0,1.4008485919999998,0.11176554300000001,0.0,6290442522,153,1288,4.521719388999999,5.821972735,1.686469912,0.962365591,3.0143301510000002,0.6043559239999999,28.30492802,74.91113876,17.98839266,65.86980269,66.53884208,53.38159279999999,70.66083136,0.0,27.72180695,8.586906407,0.9771986970000001,1.582011415,0.0,0.0,0.0,94.16130033,78.95064067,0.0,34.31311401,10.51532033,2.232661339
Denmark,DNK,Europe & Central Asia,High income,2017,2.7899999999999997e-05,2.4299999999999998e-05,3.12e-06,1.73e-07,3.340512543,2.25e-06,1.188931391,160.9666667,968,4433,140.2409091,2210,8737,0,18,1.0,0,14,0.0,34.48504983,0.0,0.458969801,0.083527562,0.0,19257988,13,985,25.06810958,36.64795509,8.74348973,0.930107527,2.2176513680000003,14.16118692,34.92321089,0.636369814,0.454828505,0.843757395,0.8852104590000001,1.120943239,1.145803985,0.0,0.5524861879999999,0.034578147000000004,0.0,0.020025461,0.0,82.81361559999999,0.0,26.24015424,56.96567555,0.0,0.10227549400000001,0.766016713,1.707431226
Finland,FIN,Europe & Central Asia,High income,2017,4.29e-05,3.13e-05,1.63e-06,5.45e-06,7.830357717,4.18e-06,1.574640478,236.1083333,1236,7128,172.67229440000003,2338,11643,0,9,30.0,20,209,0.0,19.58689459,0.0,0.406631139,0.119028405,0.0,43131286,23,738,39.25760557,47.87489976,4.544224742,29.30107527,5.206542001,26.38767469,46.25288044,1.3001998240000001,0.5883378579999999,1.717336411,1.193493251,1.198416637,1.699003251,0.0,0.2599935,1.037344398,0.31022180899999996,0.29895152399999997,0.0,47.03665987,0.0,22.46588738,84.60521518,0.0,0.232510147,1.4623955430000002,1.279273345
France,FRA,Europe & Central Asia,High income,2017,1.86e-05,1.3000000000000001e-05,1.81e-06,9.82e-06,5.213650837,1.35e-06,1.4500879740000001,1243.489176,5725,36006,868.0541486,11932,60612,0,121,656.6666667000001,310,3407,0.0,32.50770727,0.0,0.72133101,0.10292826,0.0,348611514,90,4356,16.27062207,18.5244587,5.051518499,52.79569892,3.464599823,8.45971594,42.59432336,10.19978464,2.824619523,11.07808403,7.803579668999999,7.005289981000001,11.02096294,0.0,3.8999025019999998,22.70631628,4.808438033,4.87333896,0.0,78.0651554,0.0,45.15965235,72.07028479,0.0,1.898979168,6.128133705,7.550832914
Germany,DEU,Europe & Central Asia,High income,2017,2.3800000000000003e-05,1.5399999999999998e-05,3.96e-06,4.18e-06,4.383956256,5.57e-07,1.4888732080000002,1971.3511899999999,16325,56963,1274.049026,16952,80517,0,327,345.5,153,1536,0.0,26.12145599,0.0,0.838777978,0.120088642,0.0,362364681,46,3991,21.18964734,22.37369687,11.1108606,22.47311828,2.912272011,3.43608651,43.73358582,16.629994,8.105213341,17.87125487,11.66284233,10.04369984,14.81016851,0.0,10.59473513,11.94674965,2.373196836,2.1970791430000003,0.0,62.72898621,0.0,53.62903583,85.4306734,0.0,1.9740060430000002,3.064066852,6.918129972999999
India,IND,South Asia,Lower middle income,2017,2.61e-06,1.58e-06,7.47e-08,2.5e-08,0.14985627199999998,5.1500000000000005e-08,1.557756725,3495.9692979999995,5044,54750,2119.121212,12717,73319,0,100,33.5,8,117,0.0,24.5058768,0.0,1.256258805,0.098360097,0.0,200606422,69,16243,1.144619343,0.208500401,0.160924853,0.134408602,0.093630991,0.23376031,45.75694361,30.09904918,2.485366279,17.15391522,19.69583909,7.480419809,13.43992477,0.0,3.217419565,1.158367911,0.12408872300000001,0.167355638,0.0,58.84927733,0.0,83.73458286,68.51369538,0.0,1.091575355,4.665738162,28.15614762
Ireland,IRL,Europe & Central Asia,High income,2017,3.06e-05,1.4800000000000002e-05,3.74e-06,4.16e-07,15.36694979,4.78e-06,1.338267363,147.1261905,609,3044,71.0,825,4276,0,18,2.0,1,9,0.0,34.37931034,0.0,0.772599165,0.067015139,0.0,73874890,23,868,27.62221886,21.41138733,10.49083489,2.23655914,10.22365252,30.18865534,39.30974798,0.514097793,0.275985752,0.39351574200000006,0.22702763399999998,0.282656853,0.296587907,0.0,0.5524861879999999,0.069156293,0.01551109,0.012873511,0.0,82.55968906,0.0,48.85672237,44.10976196,0.0,0.40022399200000003,1.4623955430000002,1.5046195980000001
Israel,ISR,Middle East & North Africa,High income,2017,2.59e-05,1.9699999999999998e-05,7.69e-06,2.18e-06,79.52370353,1.0800000000000002e-05,1.496454259,225.35,2280,7512,171.57196969999998,2016,10238,0,67,19.0,10,73,0.0,29.08013886,0.0,0.6662051999999999,0.093963824,0.0,692913886,94,1070,23.17617678,29.270248600000002,21.62311456,11.72043011,52.93281349,68.32516122,43.95626868,1.205156623,1.108426532,1.841809265,1.183033902,1.003522619,1.431541115,0.0,2.144946376,0.656984786,0.155110904,0.104418475,0.0,69.83407166,0.0,41.18439754,65.09093267,0.0,3.777232437,6.4066852370000005,1.854773007
Italy,ITA,Europe & Central Asia,High income,2017,1.58e-05,1.32e-05,2.49e-06,2.34e-06,0.172309202,2.81e-07,1.238179669,955.1352072999999,4999,28935,799.669228,9585,49042,0,151,141.5,23,566,0.0,31.65134893,0.0,0.798511115,0.068124682,0.0,10431032,17,1907,13.62191615,18.84522855,6.967961581,12.58064516,0.10857791,1.68763541,36.36981076,7.652356205,2.4629486640000002,8.786033108,7.153533607999999,5.584742583,8.81844556,0.0,4.874878128,4.892807746,0.35675508,0.809600778,0.0,76.00866626,0.0,50.72529544,44.97360786,0.0,0.054122300000000005,1.044568245,3.305656191
Japan,JPN,East Asia & Pacific,High income,2017,1.86e-05,9.34e-06,9.86e-07,6.2e-06,3.155797546,7.729999999999999e-07,0.0,2361.074242,4989,40853,1183.997763,7522,42262,0,125,785.6666667000001,244,3574,0.0,12.00379474,0.0,1.018722528,0.112670795,0.0,400110307,98,0,16.27062207,12.65437049,2.729240412,33.33333333,2.094686566,4.804439545,0.0,20.072955399999998,2.457966971,12.64922966,10.80684267,4.336089288,7.527774182000001,0.0,4.029899253,27.16689719,3.784706065,5.112214101,0.0,28.82633629,0.0,66.60527033,79.65543375,0.0,2.179917623,6.685236768999999,0.0
Netherlands,NLD,Europe & Central Asia,High income,2017,2.09e-05,2.8899999999999998e-05,5.72e-06,1.23e-06,3.532383715,8.76e-07,1.529094538,358.7845238,5716,12528,495.6093074,8325,31989,0,98,21.0,17,247,0.0,38.58695652,0.0,0.974449397,0.078373927,0.0,60514311,15,2236,18.44634479,44.02566159,16.07106622,6.612903226,2.345380037,5.4569412239999995,44.91503162,2.383967865,2.820136,3.467735923,4.263233352,4.8221138130000005,5.572159571,0.0,3.1524211889999996,0.726141079,0.263688537,0.353306347,0.0,92.66407908,0.0,63.41262832,52.95326101,0.0,0.327338781,0.9052924790000001,3.875955555
Norway,NOR,Europe & Central Asia,High income,2017,2.8199999999999998e-05,2.0300000000000002e-05,1.9e-06,8.529999999999999e-07,6.962512564,2.08e-06,0.0,148.69166669999998,767,4027,107.12673159999999,1727,7136,0,10,4.5,0,41,0.0,0.0,0.0,0.459880455,0.097849286,0.0,36740956,11,0,25.3518995,30.23255814,5.305165378,4.586021505,4.628817347,13.084242399999999,0.0,0.527927804,0.35469649,0.7121532829999999,0.570437254,0.82860221,0.841030405,0.0,0.292492688,0.15560166,0.0,0.058645993,0.0,0.0,0.0,26.30582369,68.11599832,0.0,0.197649341,0.626740947,0.0
Portugal,PRT,Europe & Central Asia,High income,2017,2.75e-05,1.88e-05,8.74e-07,5.18e-07,4.962962244,2.91e-07,1.493935614,283.2706349,777,6986,193.15952380000002,1894,10875,0,9,5.333333333,1,12,0.0,40.0,0.0,0.772599165,0.061220360999999994,0.0,51120000,3,657,24.68972302,27.82678428,2.4135909630000003,2.7849462369999998,3.297716387,1.7509850869999999,43.88228698,1.716849501,0.359678183,1.6713073859999998,1.3882385640000001,0.929680785,1.552803308,0.0,0.2599935,0.184416782,0.01551109,0.017164681,0.0,96.05741156,0.0,48.85672237,39.59817906,0.0,0.276090527,0.069637883,1.138865295
Russia,RUS,Europe & Central Asia,Upper middle income,2017,2.32e-06,2.32e-06,1.59e-07,1.31e-07,0.36955723,6.230000000000001e-08,0.0,335.5833333,944,4547,334.8945887,874,7826,0,23,19.0,1,132,0.0,0.0,0.0,0.665534861,0.070991117,0.0,53399815,9,0,0.8702890870000001,1.3953488369999998,0.39850742899999997,0.704301075,0.239885953,0.30217796199999997,0.0,2.178999739,0.442872444,0.8807102729999999,2.7355285769999997,0.312314639,0.972381917,0.0,0.714982125,0.656984786,0.01551109,0.18881148899999997,0.0,0.0,0.0,41.13605778,47.20529976,0.0,0.28852747300000003,0.487465181,0.0
Singapore,SGP,East Asia & Pacific,High income,2017,9.120000000000001e-05,6.07e-05,2.08e-05,4.99e-06,19.36265115,4.99e-06,2.180677592,511.86666669999994,5599,20409,340.5914141,10036,31060,0,117,28.0,10,256,0.0,16.22680623,0.0,1.120125183,0.09826130599999999,0.0,108668097,28,990,84.94778265,95.02806736,58.57100985,26.82795699,12.88359154,31.51899857,64.05438026,3.7363536319999997,2.761850201,6.022346767,2.78968085,5.857715261,5.395310941,0.0,3.7699057519999997,0.968188105,0.155110904,0.36617985700000005,0.0,38.96762511,0.0,73.91765979,68.43678065,0.0,0.5900294079999999,1.8105849580000002,1.71609839
South Africa,ZAF,Sub-Saharan Africa,Upper middle income,2017,2.08e-06,1.46e-06,3.5099999999999997e-08,8.77e-09,0.08897892800000001,8.77e-08,1.5905266630000001,118.4761905,224,2469,83.45,731,3483,0,2,0.5,0,0,0.0,0.0,0.0,0.468241918,0.047267675,0.0,5071839,5,396,0.643257152,0.016038491999999998,0.049320225999999995,0.047150538,0.053104933,0.46308614299999995,46.7195151,0.260992816,0.0841906,0.207130609,0.34537351200000005,0.225762326,0.14562885,0.0,0.032499188,0.017289073000000002,0.0,0.0,0.0,0.0,0.0,26.90878891,28.73517455,0.0,0.024886597000000003,0.20891364899999998,0.686439356
Spain,ESP,Europe & Central Asia,High income,2017,1.9600000000000002e-05,1.95e-05,1.89e-06,1.36e-07,0.935650552,6.22e-07,1.395698211,912.8637427000001,4328,25357,909.3335137,9350,49671,0,88,6.333333333,1,38,0.0,36.642706700000005,0.0,0.895767148,0.050120777000000005,0.0,43594987,29,2923,17.21658847,28.94947875,5.276982391000001,0.7311827959999999,0.616734365,3.8478594139999998,40.99669949,7.278914038,2.128677112,7.626231357000001,8.19596864,5.4425062639999995,8.938184836,0.0,2.8274293139999997,0.21899492899999998,0.01551109,0.054354823,0.0,87.99508895,0.0,57.73866201,30.95648591,0.0,0.235039749,1.880222841,5.066823831000001
Sweden,SWE,Europe & Central Asia,High income,2017,2.68e-05,2.25e-05,2.98e-06,1.74e-06,5.446508037999999,2.49e-06,1.856150241,269.66096489999995,1333,7355,226.6640693,3181,14394,0,30,17.5,7,80,0.0,23.52631579,0.0,0.415375895,0.107071039,0.0,54779333,25,1378,24.02754654,33.76102646,8.348927919,9.35483871,3.619612898,15.68157918,54.52183935,1.59661651,0.6366602729999999,1.79091802,1.706722487,1.7086516,2.222696018,0.0,0.9424764379999999,0.605117566,0.108577633,0.114431205,0.0,56.49692496,0.0,23.09649278,75.2956872,0.0,0.296053079,1.601671309,2.3886702840000003
Switzerland,CHE,Europe & Central Asia,High income,2017,4.98e-05,3.6200000000000006e-05,1.76e-05,6.63e-06,8.011543877000001,1.42e-06,1.55615006,420.9,5726,16632,305.6351732,5723,23235,0,149,56.0,8,400,0.0,22.19168791,0.0,1.05129932,0.10935904699999999,0.0,67712287,12,1144,45.78477372,55.73376103,49.55245417,35.64516129,5.327157656,8.903163682999999,45.70975006,2.932719563,2.825117692,4.798039553,2.457397556,3.2472248789999996,3.9057086510000003,0.0,4.809879753,1.93637621,0.12408872300000001,0.572156027,0.0,53.29190247,0.0,68.95446119,77.07703892,0.0,0.36660549200000003,0.69637883,1.983047028
United Arab Emirates,ARE,Middle East & North Africa,High income,2017,9.37e-06,6.13e-06,6.32e-07,6.54e-06,0.52021307,6.32e-07,0.0,88.93333333,563,3182,58.2,651,3677,0,6,62.0,28,511,0.0,0.0,0.0,0.6718253609999999,0.053231229000000005,0.0,4935367,6,0,7.539352202000001,7.506014435,1.73156269,35.16129032,0.34017756899999996,3.911209092,0.0,0.0,0.25306996800000003,0.438248174,0.105354764,0.17734145199999998,0.182559565,0.0,0.162495938,2.14384509,0.434310532,0.7309293240000001,0.0,0.0,0.0,41.58968087,33.37815971,0.0,0.024142109,0.278551532,0.0
United Kingdom,GBR,Europe & Central Asia,High income,2017,3.02e-05,2.84e-05,5.37e-06,4.75e-06,18.29651637,2.69e-06,1.5502927309999999,1995.115366,20150,66928,1876.1105699999998,29779,123452,0,355,314.0,78,1423,0.0,26.99048585,0.0,0.8919437509999999,0.075981381,0.0,1208646995,178,5926,27.243832300000005,43.22373697,15.08466169,25.53763441,12.17386545,16.94857273,45.53769914,16.83993575,10.01071064,21.10139027,17.38585453,17.80738176,22.98346875,0.0,11.50471238,10.85753804,1.209865054,2.035445066,0.0,64.81590518,0.0,57.46294765,51.09052017,0.0,6.590682115,12.25626741,10.27232228
United States of America,USA,North America,High income,2017,3.06e-05,2.33e-05,6.18e-06,8.51e-06,42.94061843,3.95e-06,1.566601186,9944.02489,114252,285758,7564.990295999999,107376,393111,0,2009,2765.5,2167,20639,0.0,26.18654299,0.0,1.05977859,0.088460162,0.0,13962018457,1284,38558,27.62221886,35.04410585,17.3674836,45.75268817,28.57944804,24.930632100000004,46.01673739,87.06362026,56.88943134,92.03470977,71.46259867,64.77381399,74.31697214,0.0,65.25836854,95.62586445,33.61253296,29.5218206,0.0,62.88528843,0.0,69.56592176,60.80600107,0.0,76.16342858,89.27576602,66.83769869
Australia,AUS,East Asia & Pacific,High income,2016,4.1200000000000005e-05,3.5600000000000005e-05,7.4e-06,1.34e-06,0.8815643,6.2e-07,1.332183724,997.7242424000001,12109,32854,860.1261904999999,21233,56056,0,179,32.33333333,17,399,0.0,34.99111151,0.0,1.152839957,0.056198190999999995,0.0,21325840,15,1394,37.64946269,54.77145148,20.80580795,7.204301075,0.580729139,3.835189479,39.13104952,8.02860391,6.004931875,10.05636935,7.728218933,12.63482187,10.15366223,0.0,5.784855379,1.11802674,0.263688537,0.570725637,0.0,84.02888998,0.0,76.27680087,35.68811792,0.0,0.11355613,0.9052924790000001,2.416405207
Austria,AUT,Europe & Central Asia,High income,2016,2.6000000000000002e-05,1.7100000000000002e-05,3.78e-06,3.43e-07,1.213014733,9.159999999999999e-07,0.0,227.25,4511,7693,149.4444444,3728,9150,0,33,3.0,1,32,0.0,21.3180189,0.0,0.7903143690000001,0.078762632,0.0,10597707,8,0,23.27077342,25.10024058,10.60356684,1.844086022,0.8013757440000001,5.710339933999999,0.0,1.221941945,2.21984208,1.900480063,0.97269644,2.039729327,1.224424528,0.0,1.039974001,0.10373444,0.01551109,0.045772482,0.0,51.19384288,0.0,50.13420836,53.25589121,0.0,0.055031552000000004,0.41782729799999996,0.0
Belgium,BEL,Europe & Central Asia,High income,2016,2.46e-05,2.48e-05,1.06e-06,7.5e-07,7.911978037999999,3.53e-07,1.082395456,278.62063489999997,2706,8073,281.36507939999996,5434,17701,0,12,8.5,3,54,0.0,31.529929499999998,0.0,0.579063446,0.082323348,0.0,89653962,4,680,21.94642046,37.44987971,2.937794512,4.032258065,5.260876661,2.143753088,31.79386553,1.6757696359999998,1.320646624,2.023656325,2.226693495,3.07230447,2.852231453,0.0,0.357491063,0.293914246,0.046533270999999994,0.077241064,0.0,75.71708536,0.0,34.90039597,56.02812259,0.0,0.48630267200000005,0.139275766,1.178734247
Brazil,BRA,Latin America & Caribbean,Upper middle income,2016,2.86e-06,2.16e-06,1.0199999999999999e-07,0.0,0.037679557999999995,1.46e-08,1.118314442,590.1333333,2461,13756,446.2845238,5421,20508,0,21,0.0,0,0,0.0,23.75291375,0.0,0.89335775,0.029297048,0.0,7768133,3,967,1.3811109430000001,1.1387329590000002,0.23786440600000003,0.0,0.018954935,0.0,32.84893594,4.427791078,1.198595163,3.865789738,3.794367102,3.064436078,3.386584632,0.0,0.64998375,0.0,0.0,0.0,0.0,57.04108529,0.0,57.56491452,14.74396152,0.0,0.039595537,0.069637883,1.676229437
Canada,CAN,North America,High income,2016,3.5499999999999996e-05,2.9100000000000003e-05,3.57e-06,1.32e-05,5.449528402,1.66e-06,1.25021718,1282.437302,15629,38030,1051.597222,18248,55584,0,129,475.16666669999995,1134,4762,0.0,31.32928207,0.0,1.019732144,0.06632414,0.0,196779675,60,2840,32.25745422,44.34643144,10.01172412,70.96774194,3.6216235539999997,10.42355594,36.72339595,10.54386717,7.758487558,11.73415969,9.548283775,10.828118,10.06381018,0.0,4.159896003,16.43038267,17.58957655,6.811517501,0.0,75.23524354,0.0,66.67807617,43.57177772,0.0,1.0706995190000002,4.038997214,4.922948916
China,CHN,East Asia & Pacific,Upper middle income,2016,5.86e-06,4.91e-06,3.38e-07,1.2e-07,4.538847946000001,7.54e-08,0.7568853990000001,8081.326190000001,61232,186065,6764.463131,108006,313576,0,466,166.0,104,1193,0.0,0.0,0.0,1.454272756,0.078793889,0.0,6257550804,104,878,4.219010141,5.5493183639999994,0.9029828870000001,0.64516129,3.0153834330000002,0.38516604,22.232459,70.60783278,30.47649887,59.71941744,63.85303321,65.15512838,59.17633084,0.0,15.112122199999998,5.739972337,1.613153405,1.70645535,0.0,0.0,0.0,98.01384535,53.28022666,0.0,34.13368168,7.103064067,1.521953925
Denmark,DNK,Europe & Central Asia,High income,2016,2.8000000000000003e-05,2.3100000000000002e-05,2.62e-06,5.24e-07,4.761415745,1.57e-06,1.159896848,160.5611111,2088,4591,132.28730159999998,2932,7211,0,15,3.0,2,9,0.0,27.81838317,0.0,0.6553589670000001,0.070470756,0.0,27273437,9,768,25.16270622,34.72333601,7.334340405,2.8172043010000003,3.1635468510000004,9.853408846,34.07036145,0.632786982,1.012778041,0.894972788,0.809605908,1.557941629,0.855307743,0.0,0.454988625,0.10373444,0.031022181,0.012873511,0.0,66.80404702,0.0,40.40224958,46.80016746,0.0,0.14600172,0.487465181,1.331276327
Finland,FIN,Europe & Central Asia,High income,2016,4.5299999999999997e-05,3.2500000000000004e-05,2.18e-06,5.19e-06,1.029979057,1.09e-06,1.269343134,248.72619049999997,2463,7426,178.43181819999998,3503,11013,0,12,28.5,16,216,0.0,19.81481481,0.0,0.554246441,0.102352488,0.0,5660047,6,559,41.52792493,49.79951885,6.094289,27.90322581,0.679528866,6.812624324,37.28519433,1.411670765,1.199591501,1.813932532,1.248241516,1.903545619,1.57907361,0.0,0.357491063,0.985477178,0.248177447,0.308964255,0.0,47.58399553,0.0,33.11078202,71.62201169,0.0,0.028095415,0.278551532,0.968988889
France,FRA,Europe & Central Asia,High income,2016,2.15e-05,1.3699999999999998e-05,1.36e-06,9.86e-06,4.331129163,1.05e-06,1.143834953,1439.1226550000001,11021,40570,918.6309885,17336,57993,0,91,659.0,380,4101,0.0,31.46144167,0.0,0.6810474209999999,0.09049439,0.0,289578291,70,2915,19.01392463,19.64715317,3.783284107,53.01075269,2.877105007,6.559225614,33.59856556,11.92808506,5.462923755,12.55749576,8.284347581,10.27612004,10.52239829,0.0,2.924926877,22.78699862,5.894214363,5.866029666,0.0,75.55261627,0.0,42.25470581,62.38976981,0.0,1.5769385630000001,4.735376045,5.0529563689999994
Germany,DEU,Europe & Central Asia,High income,2016,2.56e-05,1.5399999999999998e-05,2.36e-06,3.45e-06,2.5610338280000002,4.1299999999999995e-07,1.146672584,2110.319481,24777,55994,1271.503644,23446,70834,0,194,283.75,278,1962,0.0,24.81569417,0.0,1.019873532,0.10472984099999999,0.0,210897727,34,2598,22.89238686,22.37369687,6.601582757,18.548387100000003,1.6987522659999998,2.523851154,33.68191703,17.85769264,12.31573966,17.55715541,11.63864671,13.97426431,12.96686896,0.0,6.272343191,9.811549101,4.312083138999999,2.806425312,0.0,59.59328370000001,0.0,66.688272,73.47292386,0.0,1.14771693,2.228412256,4.503458198
India,IND,South Asia,Lower middle income,2016,2.52e-06,1.73e-06,3.7e-08,1.98e-08,0.064718958,4.61e-08,1.1655653,3337.674242,8884,55894,2296.887302,16065,58199,0,49,26.25,3,233,0.0,24.87989614,0.0,1.035438612,0.089406841,0.0,85720881,61,10541,1.059482367,0.449077787,0.054674994000000005,0.10645161300000001,0.036955067,0.19955148399999997,34.23686437,28.70061056,4.398336115,17.5247406,21.38562896,9.506833396000001,10.56161338,0.0,1.559961001,0.907676349,0.046533270999999994,0.333280886,0.0,59.74746057,0.0,67.81070737,61.54304756,0.0,0.46484675700000005,4.108635097,18.27211427
Ireland,IRL,Europe & Central Asia,High income,2016,4.270000000000001e-05,1.93e-05,2.73e-06,1.05e-07,13.01850238,4e-06,1.173178908,203.2353535,1333,4884,91.86111111,1658,4670,0,13,0.5,0,2,0.0,34.81068289,0.0,1.00072274,0.058621556,0.0,61907340,19,641,39.06841229,28.6287089,7.644353257000001,0.564516129,8.660290713,25.24738049,34.46050354,1.0097874409999998,0.6366602729999999,0.989948169,0.42532695200000004,0.7868392059999999,0.371591523,0.0,0.38999025,0.017289073000000002,0.0,0.00286078,0.0,83.59560232,0.0,65.30726231,37.5748532,0.0,0.334938093,1.183844011,1.111130371
Israel,ISR,Middle East & North Africa,High income,2016,3.5e-05,2.56e-05,6.67e-06,1.52e-06,73.66761046,9.95e-06,1.085653754,298.8261905,4067,9180,218.6888889,3542,12808,0,57,13.0,6,81,0.0,28.37597117,0.0,0.8859949109999999,0.096597912,0.0,629563399,85,771,31.78447102,38.7329591,18.74844994,8.172043011,49.03441142,62.94043863,31.88957352,1.854273185,1.998654943,2.382488225,1.63091287,1.927150795,1.9207779059999999,0.0,1.819954501,0.449515906,0.093066543,0.115861595,0.0,68.14305852,0.0,57.03396249,67.14172846,0.0,3.431640106,5.77994429,1.336476625
Italy,ITA,Europe & Central Asia,High income,2016,1.58e-05,1.3300000000000001e-05,1.8e-06,2.27e-06,0.18160749399999998,9.9e-08,1.069927767,958.9504329,8097,27251,803.3826118,13767,43686,0,109,137.5,65,752,0.0,32.95650023,0.0,0.8532890120000001,0.05153809,0.0,11010408,6,1387,13.62191615,19.00561347,5.023335513,12.20430108,0.114767784,0.534671279,31.42764446,7.686061356000001,4.006276932,8.240167779,7.188831894,8.115943782999999,7.798853244,0.0,3.509912252,4.754495159,1.008220878,1.075653331,0.0,79.14290265,0.0,54.67546141,32.05994925,0.0,0.057282937,0.278551532,2.404271178
Japan,JPN,East Asia & Pacific,High income,2016,1.85e-05,9.36e-06,3.15e-07,5.5e-06,1.234689962,5.2e-07,0.0,2351.937302,9636,39493,1188.37619,9952,37598,0,40,698.0833332999999,683,5248,0.0,12.08119412,0.0,0.7885620090000001,0.103324926,0.0,156798848,66,0,16.17602543,12.68644747,0.838162018,29.56989247,0.8158049470000001,3.201692703,0.0,19.9922362,4.772959374,12.2083883,10.84846265,5.8068733429999995,6.639914107999999,0.0,1.267468313,24.13842785,10.59407476,7.506687073999999,0.0,29.01220589,0.0,50.00784147,72.37911311,0.0,0.852594373,4.456824513,0.0
Netherlands,NLD,Europe & Central Asia,High income,2016,2.56e-05,2.7600000000000003e-05,2.99e-06,6.75e-07,1.101830301,5.28e-07,1.163658722,436.50757580000004,4338,12997,469.2203102,10895,29343,0,51,11.5,11,68,0.0,29.52380952,0.0,0.828584503,0.067419075,0.0,18764516,9,1631,22.89238686,41.94065758,8.377110906,3.629032258,0.72736025,3.252372445,34.18086128,3.0706028130000003,2.133658804,3.6197613619999998,4.0123876460000005,6.377634398,5.068455078,0.0,1.6249593759999998,0.39764868600000003,0.170621995,0.097266525,0.0,70.89951804,0.0,52.89395982,44.42425041,0.0,0.099583484,0.487465181,2.827228761
Norway,NOR,Europe & Central Asia,High income,2016,2.8600000000000004e-05,1.64e-05,1.91e-07,1.24e-06,1.761140422,1.53e-06,0.0,149.8,1281,4287,85.90952381,1819,4689,0,1,6.5,7,29,0.0,0.0,0.0,0.095091301,0.07975413,0.0,9218723,8,0,25.73028606,23.97754611,0.488692986,6.666666667,1.166263101,9.600010136,0.0,0.537719241,0.610755474,0.796431778,0.36875299,0.8842862159999999,0.375208449,0.0,0.0,0.224757953,0.108577633,0.041481312,0.0,0.0,0.0,0.0,54.02783198,0.0,0.047508859,0.41782729799999996,0.0
Portugal,PRT,Europe & Central Asia,High income,2016,2.8300000000000003e-05,1.99e-05,2.91e-07,2.91e-07,1.051691296,3.87e-07,0.902395889,292.04285710000005,1361,6431,205.4690476,3921,11638,0,3,3.0,0,8,0.0,35.19480519,0.0,0.440877851,0.051374030999999994,0.0,10859188,4,473,25.44649614,29.59101844,0.770522851,1.564516129,0.693982707,2.359141992,26.50662786,1.7943466430000001,0.650609012,1.491405214,1.505249118,2.156544686,1.6980514290000002,0.0,0.064998375,0.10373444,0.0,0.011443121,0.0,84.51804717,0.0,24.93550019,31.93221946,0.0,0.056457995,0.139275766,0.819913675
Russia,RUS,Europe & Central Asia,Upper middle income,2016,2.11e-06,2.26e-06,1.45e-07,4.16e-08,0.061010412,5.54e-08,0.0,304.1111111,1476,3859,326.1333333,1537,5480,0,21,6.0,1,48,0.0,0.0,0.0,1.2344579820000001,0.062259577,0.0,8806389,8,0,0.671636143,1.2991178829999999,0.359051248,0.22365591399999998,0.034486288,0.258466684,0.0,1.90096218,0.707898473,0.657696409,2.6522467730000003,0.713602634,0.525786777,0.0,0.64998375,0.20746888,0.01551109,0.068658723,0.0,0.0,0.0,82.16247305,40.40727117,0.0,0.045259477,0.41782729799999996,0.0
Singapore,SGP,East Asia & Pacific,High income,2016,9.98e-05,6.0599999999999996e-05,1.59e-05,1.78e-06,7.738385417999999,3.92e-06,1.2880091740000001,559.3928571,9539,22119,339.53333330000004,13710,29055,0,89,10.0,5,61,0.0,18.42022597,0.0,1.313909942,0.078933317,0.0,43391317,22,581,93.08309369,94.86768244,44.76134647,9.569892473,5.145316027,24.74058307,37.83348337,4.156218041,4.724636959,6.576639946,2.779623059,8.08144391,5.013630098999999,0.0,2.859928502,0.34578146600000004,0.077555452,0.08725379400000001,0.0,44.23498067,0.0,87.89194507,53.38877974,0.0,0.23392867899999997,1.39275766,1.007124408
South Africa,ZAF,Sub-Saharan Africa,Upper middle income,2016,2.02e-06,1.6e-06,3.56e-08,3.56e-08,0.028390093999999998,3.56e-08,1.074050117,113.45,318,2039,89.7020202,837,2939,0,2,2.0,0,11,0.0,0.0,0.0,0.80827606,0.043636162,0.0,1595627,2,235,0.586499168,0.240577386,0.050729376,0.19139784899999998,0.012770937,0.133034323,31.54873277,0.21658954100000002,0.131018507,0.067746944,0.404803297,0.289919985,0.042070557,0.0,0.032499188,0.069156293,0.0,0.015734291,0.0,0.0,0.0,51.42946912,25.90782345,0.0,0.005923014,0.0,0.40735668799999997
Spain,ESP,Europe & Central Asia,High income,2016,1.63e-05,1.93e-05,1.01e-06,1.29e-07,1.816354592,5.16e-07,1.101067928,755.5539683,6971,20334,894.9024531,14466,49222,0,47,6.0,1,37,0.0,38.14125982,0.0,0.80827606,0.046808511,0.0,84430644,24,2023,14.09489935,28.6287089,2.79687958,0.693548387,1.203019182,3.176352832,32.3423435,5.889179769,3.4453383810000004,5.998035663,8.058791409,8.539021172,8.852711171000001,0.0,1.494962626,0.20746888,0.01551109,0.052924432,0.0,91.59376729,0.0,51.42946912,28.37768779,0.0,0.45780820000000005,1.532033426,3.506734386
Sweden,SWE,Europe & Central Asia,High income,2016,3.5799999999999996e-05,2.07e-05,3.43e-06,1.71e-06,4.665366365,3.33e-06,1.393434082,355.6595238,2873,8845,204.9726551,4102,10787,0,34,17.0,21,119,0.0,23.14536341,0.0,0.6957312920000001,0.08927084099999999,0.0,46294827,33,874,32.54124414,30.87409783,9.617162311,9.193548387,3.099606764,21.00295209,40.93019384,2.3563604280000003,1.403840885,2.273898626,1.500530563,2.2660969140000002,1.5360512309999999,0.0,1.072473188,0.587828492,0.32573289899999996,0.170216418,0.0,55.58209247,0.0,43.31359508,61.43716338,0.0,0.249768033,2.158774373,1.515020194
Switzerland,CHE,Europe & Central Asia,High income,2016,5.520000000000001e-05,3.64e-05,1.21e-05,6.39e-06,6.8531894929999995,1.91e-06,1.310123011,462.5357143,9753,16988,304.79765510000004,9316,22115,0,101,53.5,42,377,0.0,21.44139654,0.0,1.251124629,0.10834284400000001,0.0,57384072,16,839,50.89299228,56.05453087,34.0518116,34.35483871,4.556040962,12.00729788,38.48304666,3.30054527,4.831245174,4.913436261,2.449436366,5.421927393,3.6925004,0.0,3.2499187519999997,1.849930844,0.6514657979999999,0.539257055,0.0,51.49012629,0.0,83.36434507,76.28586382,0.0,0.310262565,0.974930362,1.454350049
United Arab Emirates,ARE,Middle East & North Africa,High income,2016,1.25e-05,5.43e-06,5.34e-07,4.47e-06,2.278694432,5.34e-07,0.0,117.33333329999999,1276,3577,50.83333333,787,3464,0,5,41.83333333,183,735,0.0,0.0,0.0,0.850816905,0.048358604000000006,0.0,21330813,5,0,10.50022703,6.3833199679999995,1.455369423,24.03225806,1.510798886,3.2903822519999997,0.0,0.250896382,0.6082646270000001,0.566286657,0.035329492000000004,0.259656938,0.142011924,0.0,0.12999675,1.446519133,2.8385295489999995,1.0513367,0.0,0.0,0.0,54.49719182,29.58452834,0.0,0.113583259,0.20891364899999998,0.0
United Kingdom,GBR,Europe & Central Asia,High income,2016,3.24e-05,2.6000000000000002e-05,3.64e-06,4.23e-06,9.631262479,2.13e-06,1.211456401,2124.898846,28787,66345,1704.0786440000002,37380,106808,0,239,277.3333333,286,1857,0.0,25.87025107,0.0,0.913371055,0.064443748,0.0,631768104,140,4209,29.32495838,39.3744988,10.20900503,22.74193548,6.405404582,13.40099079,35.58485182,17.98649229,14.31339826,20.91241195,15.75057186,22.40797008,19.81504184,0.0,7.73480663,9.589672659,4.436171863,2.656234355,0.0,62.12573385,0.0,59.0081221,42.10777955,0.0,3.443667308,9.610027855,7.296018305
United States of America,USA,North America,High income,2016,3.04e-05,2.26e-05,3.67e-06,6.42e-06,26.60864077,3.23e-06,1.18354563,9806.780592000001,177731,277566,7297.912770999999,121614,340079,0,1185,2074.833333,3638,30220,0.0,27.02566047,0.0,1.0138207259999998,0.076876364,0.0,8596489282,1042,27560,27.43302558,33.92141139,10.29355399,34.51612903,17.70724796,20.36945532,34.76501163,85.85115203,88.51271577,89.37928888,68.92384171,73.39151908,64.22156145,0.0,38.47903802,71.74389118,56.42934698,43.22638784,0.0,64.90037476,0.0,66.25178959,51.78731822,0.0,46.89316055,72.42339833,47.77340568
Australia,AUS,East Asia & Pacific,High income,2015,4.57e-05,3.3600000000000004e-05,3.82e-06,1.57e-06,1.198076755,4.6200000000000003e-07,0.9437549000000001,1088.133333,14983,31065,800.0206348999999,25000,48370,0,91,37.5,26,549,0.0,40.9740175,0.0,1.144434612,0.019310747,0.0,28533390,11,945,41.90631149,51.56375301,10.71629878,8.440860215,0.79143153,2.8342645739999996,27.72149146,8.82731214,7.436670237,9.476468472,7.156873974,14.91483979,8.690520609,0.0,2.924926877,1.296680498,0.403288351,0.785284147,0.0,98.39645155,0.0,75.67067121,6.969026083999999,0.0,0.15287507,0.626740947,1.638093917
Austria,AUT,Europe & Central Asia,High income,2015,3.2e-05,1.76e-05,1.97e-06,1.54e-07,0.228805377,3.47e-07,0.0,276.35,4507,8545,152.4261905,5768,8777,0,17,1.333333333,0,15,0.0,22.65041722,0.0,0.619458689,0.022601279,0.0,1977496,3,0,28.94657182,25.9021652,5.502446282999999,0.827956989,0.14618742199999998,2.1057432819999997,0.0,1.655709985,2.217849403,2.176654209,1.001040003,3.27446162,1.153418566,0.0,0.519987,0.046104195,0.0,0.021455851,0.0,54.39351122,0.0,37.81339414,9.530902985,0.0,0.008006203,0.069637883,0.0
Belgium,BEL,Europe & Central Asia,High income,2015,2.8999999999999997e-05,2.24e-05,1.42e-06,2.66e-07,3.1154686330000003,3.55e-07,0.940587691,327.3166667,3479,8584,252.6452381,6304,15757,0,16,3.0,1,26,0.0,29.86191767,0.0,1.118251366,0.02326494,0.0,35124404,4,541,26.10867262,33.60064154,3.9523820260000004,1.4301075269999999,2.067839602,2.156423024,27.62845908,2.105968868,1.7057314369999999,2.189295983,1.953691501,3.598881478,2.482162845,0.0,0.487487813,0.10373444,0.01551109,0.037190142,0.0,71.71146289,0.0,73.78253434,10.04760295,0.0,0.188830656,0.139275766,0.9377870999999999
Brazil,BRA,Latin America & Caribbean,Upper middle income,2015,2.64e-06,2.07e-06,5.38e-08,0.0,0.992635898,2.45e-08,0.765557753,540.0909091,3014,12365,422.8083333000001,5134,15632,0,11,0.0,0,0,0.0,24.23670669,0.0,0.86845679,0.010359574,0.0,202966018,5,839,1.172998335,0.9943865279999999,0.102022411,0.0,0.654669519,0.062716181,22.48719737,3.985697305,1.4740827459999999,3.41489979,3.571209643,2.890726192,2.4583672819999998,0.0,0.324991875,0.0,0.0,0.0,0.0,58.20288273,0.0,55.76924638,0.0,0.0,1.104447526,0.20891364899999998,1.454350049
Canada,CAN,North America,High income,2015,3.54e-05,2.9199999999999998e-05,3.89e-06,1.86e-05,4.971294607,1.37e-06,0.896226339,1265.027778,38807,34842,1043.778968,32033,50806,0,139,663.1666667000001,1034,6628,0.0,28.75703819,0.0,1.438357605,0.022005137,0.0,177489674,49,2302,32.16285758,44.50681636,10.91357969,100.0,3.303263242,8.586415295,26.32540589,10.39006482,19.30505393,10.70077569,9.473965853,19.17163989,9.154248555,0.0,4.484887878,22.93107423,16.0384675,9.480625367,0.0,69.05816631,0.0,96.86616551,9.066770614,0.0,0.965467867,3.272980501,3.990362114
China,CHN,East Asia & Pacific,Upper middle income,2015,5.15e-06,6.44e-06,1.82e-07,1.5199999999999998e-07,1.075175097,5.03e-08,0.802953189,7060.1171,52426,147016,8831.4,119112,245632,0,249,208.0,174,1522,0.0,0.0,0.0,1.328623279,0.012373486999999999,0.0,1474301597,69,595,3.547373997,8.003207697999999,0.46332829799999997,0.817204301,0.7096158770000001,0.22615834899999998,23.58563645,61.58608398,26.08962064,47.06175993,83.50070052,71.87715624,46.24220457,0.0,8.059798505,7.192254495,2.698929735,2.177053683,0.0,0.0,0.0,88.95295921,1.567952293,0.0,8.03989265,4.665738162,1.031392467
Denmark,DNK,Europe & Central Asia,High income,2015,3.06e-05,2.05e-05,1.06e-06,0.0,1.4647572619999998,7.040000000000001e-07,1.070397281,174.15,1665,4934,116.6686869,2620,6001,0,6,0.0,0,0,0.0,24.52380952,0.0,0.376176471,0.021526808999999997,0.0,8324923,4,593,27.62221886,30.55332799,2.937794512,0.0,0.968960785,4.36732677,31.44143578,0.7528363859999999,0.802052457,1.006155572,0.661140151,1.3691002190000001,0.624966686,0.0,0.162495938,0.0,0.0,0.0,0.0,58.892341599999995,0.0,20.26972799,8.694363522,0.0,0.042632962,0.139275766,1.027925601
Finland,FIN,Europe & Central Asia,High income,2015,4.48e-05,3.26e-05,1.09e-06,1.17e-05,4.863843457,1.28e-06,0.8432325420000001,245.6944444,2709,7062,178.77777780000002,4838,9900,0,6,64.33333333,63,541,0.0,21.06481481,0.0,0.775151515,0.048589158,0.0,26651581,7,417,41.05494173,49.95990377,3.0223434719999998,62.90322581,3.231732995,8.016268197,24.76878659,1.384887169,1.322141131,1.695942639,1.251530101,2.711568957,1.3671979109999999,0.0,0.162495938,2.224527432,0.9771986970000001,0.7738410259999999,0.0,50.58578964,0.0,49.04077847,29.76402848,0.0,0.142609344,0.348189415,0.722841443
France,FRA,Europe & Central Asia,High income,2015,2.24e-05,1.3500000000000001e-05,1.1e-06,1.1e-05,1.9075578340000001,7.66e-07,1.014992497,1494.381746,15622,40463,898.7341631,22653,51434,0,73,729.8333332999999,724,5079,0.0,29.79727776,0.0,0.823342152,0.02093041,0.0,127030697,51,2186,19.86529438,19.32638332,3.050526458,59.13978495,1.263733195,4.760094771,29.81399708,12.41626485,7.755000374,12.52281192,8.095214467,13.49429239,9.273797467,0.0,2.3399415009999998,25.236284,11.23002947,7.264951152,0.0,71.55623433,0.0,52.51592127,8.230031061,0.0,0.690201862,3.412256267,3.789283919
Germany,DEU,Europe & Central Asia,High income,2015,2.48e-05,1.51e-05,1.2e-06,3.98e-06,2.2508135019999997,3.3100000000000004e-07,0.958621889,2027.2634920000003,32449,52232,1236.61627,28291,65077,0,98,325.0,467,2370,0.0,25.23222112,0.0,0.83896921,0.032232421000000004,0.0,183861327,27,1842,22.13561374,21.8925421,3.332356323,21.39784946,1.4922385459999998,2.004383798,28.15818864,17.1239445,16.13769397,16.33771041,11.30701804,16.9067535,11.87094048,0.0,3.1524211889999996,11.23789765,7.243679231000001,3.39002446,0.0,60.59354621,0.0,53.64282603,17.0293258,0.0,1.000226785,1.740947075,3.192983064
India,IND,South Asia,Lower middle income,2015,2.4e-06,1.46e-06,1.76e-08,1.98e-08,0.075337828,3.3599999999999996e-08,1.078737461,3146.566667,9924,49226,1915.7595239999998,18739,48984,0,23,26.0,15,193,0.0,25.73708835,0.0,0.961339869,0.033727868,0.0,98704037,44,8240,0.945966399,0.016038491999999998,0.0,0.10645161300000001,0.044024050999999995,0.12036438699999999,31.686417,27.01229369,4.916432112,15.36332135,17.76274531,11.12530112,8.807404417999999,0.0,0.714982125,0.899031812,0.23266635600000002,0.276065283,0.0,61.8059522,0.0,62.46726871,18.19362115,0.0,0.535673034,2.9247910860000004,14.28348559
Ireland,IRL,Europe & Central Asia,High income,2015,3.16e-05,1.7899999999999998e-05,2.1300000000000001e-07,4.25e-07,5.183940644,3.19e-06,1.155889518,148.7666667,1329,4048,84.30952381,2169,4888,0,1,2.0,1,60,0.0,32.32026144,0.0,0.426333333,0.0226025,0.0,24374666,15,497,28.56818526,26.38331997,0.550695556,2.2849462369999998,3.444821742,20.11605661,33.95265169,0.5285903820000001,0.6346675970000001,0.7189603920000001,0.353543881,1.096127541,0.413090987,0.0,0.0,0.069156293,0.01551109,0.085823404,0.0,77.61501637,0.0,23.88666,9.531853607,0.0,0.130188218,0.9052924790000001,0.86151606
Israel,ISR,Middle East & North Africa,High income,2015,2.68e-05,2.2100000000000002e-05,2.27e-06,2.57e-06,44.10938891,6.92e-06,1.0272919,224.4075758,3961,7330,184.91190480000003,4927,10598,0,19,21.5,43,232,0.0,25.10025628,0.0,0.48797188799999996,0.029705487000000003,0.0,369641090,58,616,24.02754654,33.11948677,6.3479358779999995,13.8172043,29.35749873,43.74548634,30.17527499,1.19683089,1.945849005,1.782814318,1.309839229,2.76543718,1.5000723390000001,0.0,0.584985375,0.7434301520000001,0.666976888,0.331850496,0.0,60.27664119,0.0,28.33156453,15.06195583,0.0,2.013700625,3.899721448,1.067794554
Italy,ITA,Europe & Central Asia,High income,2015,1.77e-05,1.22e-05,8.4e-07,2.03e-06,0.018234635,9.880000000000001e-08,1.0335183479999999,1075.583766,9925,27577,739.4507937000001,17816,38272,0,51,123.5,155,871,0.0,34.96826453,0.0,0.650988024,0.023384631,0.0,1107400,6,1237,15.41925231,17.24137931,2.317768809,10.91397849,0.006010446,0.533404285,30.35816826,8.716444500000001,4.916930281,8.345840046000001,6.581115659,10.56664528,6.7682197870000005,0.0,1.6249593759999998,4.270401107,2.404219017,1.2458697490000001,0.0,83.97402443,0.0,40.08705036,10.14078959,0.0,0.0032596170000000002,0.278551532,2.144256271
Japan,JPN,East Asia & Pacific,High income,2015,1.9600000000000002e-05,9.51e-06,2.0399999999999997e-07,7.65e-06,0.7147548779999999,2.8300000000000003e-07,0.0,2495.694877,11098,38931,1208.869481,11305,34421,0,26,972.0,1623,7715,0.0,16.81926552,0.0,0.833433584,0.023956597000000003,0.0,90874650,36,0,17.21658847,12.92702486,0.525330868,41.12903226,0.46968408100000003,1.700305345,0.0,21.26224519,5.501282786,12.02621709,11.04326559,6.625791379,6.0351260589999995,0.0,0.8124796879999999,33.60995851,25.17449977,11.03545937,0.0,40.39037775,0.0,53.24363872,10.58609949,0.0,0.49296182200000005,2.367688022,0.0
Netherlands,NLD,Europe & Central Asia,High income,2015,2.17e-05,2.55e-05,1.06e-06,5.61e-07,3.256107422,6.490000000000001e-07,0.9684201170000001,367.1,16412,10915,431.7591631,11636,24398,0,18,9.5,9,110,0.0,26.54761905,0.0,0.609047619,0.023957059,0.0,55158209,11,1280,19.20311791,38.57257418,2.937794512,3.016129032,2.161462866,4.018903544,28.445998,2.457429938,8.148554063999999,2.944885106,3.6562934830000002,6.826132746,4.127102576,0.0,0.5524861879999999,0.328492393,0.13959981400000002,0.157342907,0.0,63.75238922,0.0,37.06262683,10.58645919,0.0,0.29811994,0.626740947,2.218793878
Norway,NOR,Europe & Central Asia,High income,2015,2.51e-05,1.9699999999999998e-05,3.85e-07,3.85e-07,0.138939025,3.85e-07,0.0,130.2777778,823,2752,102.1952381,2401,4986,0,2,2.0,2,6,0.0,0.0,0.0,0.387575758,0.020168804,0.0,720900,2,0,22.41940366,29.270248600000002,1.035442924,2.069892473,0.086363378,2.346472056,0.0,0.365252519,0.38259396700000003,0.298864509,0.52355999,1.2365480759999998,0.431746709,0.0,0.032499188,0.069156293,0.031022181,0.00858234,0.0,0.0,0.0,21.09175801,7.637075022,0.0,0.001151165,0.0,0.0
Portugal,PRT,Europe & Central Asia,High income,2015,3.3e-05,2e-05,2.9e-07,3.38e-07,1.7564107469999999,2.9e-07,1.039654326,341.7333333,2329,7669,207.3678571,5594,9815,0,3,3.5,6,5,0.0,32.52813853,0.0,0.673157895,0.020645583999999998,0.0,18193036,3,428,29.89253822,29.75140337,0.767704552,1.8172043009999999,1.163114555,1.74465012,30.53840411,2.233331174,1.132836825,1.89270051,1.523298618,3.169146219,1.3510169269999999,0.0,0.064998375,0.12102351300000001,0.093066543,0.00715195,0.0,78.11421975,0.0,41.68577311,8.008276902999999,0.0,0.096465921,0.069637883,0.741909203
Russia,RUS,Europe & Central Asia,Upper middle income,2015,1.4e-06,2.43e-06,8.33e-08,1.32e-07,0.057253720999999994,4.8600000000000005e-08,0.0,201.75,1796,2989,349.5166667,1537,5234,0,12,19.0,4,125,0.0,0.0,0.0,1.218095238,0.016791491000000002,0.0,8250082,7,0,0.0,1.5717722530000002,0.18516222100000002,0.709677419,0.031985458,0.215388904,0.0,0.9966652640000001,0.8673126259999999,0.375687599,2.8745215610000003,0.713602634,0.47895710700000005,0.0,0.357491063,0.656984786,0.062044362,0.178798758,0.0,0.0,0.0,80.98251621,5.007633898,0.0,0.042224686,0.348189415,0.0
Singapore,SGP,East Asia & Pacific,High income,2015,0.00010711200000000001,5.88e-05,1.1400000000000001e-05,5.06e-06,27.81960223,4.88e-06,0.7665583659999999,592.8666667,11946,19775,325.2083333,15494,25440,0,63,28.0,15,224,0.0,21.01543999,0.0,1.4286702130000002,0.024295281000000002,0.0,153981554,27,433,100.0,91.98075381,32.07900255,27.20430108,18.51338519,30.82215212,22.51658899,4.451938383,5.923730291,5.816836897999999,2.643454007,9.161229406,4.325462395,0.0,2.014949626,0.968188105,0.23266635600000002,0.320407375,0.0,50.4672192,0.0,96.16758436,10.84978534,0.0,0.8372253479999999,1.740947075,0.750576366
South Africa,ZAF,Sub-Saharan Africa,Upper middle income,2015,1.64e-06,1.45e-06,3.61e-08,1.81e-08,0.009205876,3.61e-08,0.995728152,90.7,313,1918,80.53333333,1163,2989,0,2,1.0,0,1,0.0,0.0,0.0,0.710555556,0.015933844,0.0,509880,2,207,0.22703193600000002,0.0,0.052138525,0.097311828,0.0,0.13620180699999998,29.24813366,0.015607403999999998,0.128527661,0.028525029,0.31764857399999996,0.48723504700000003,0.051588782,0.0,0.032499188,0.034578147000000004,0.0,0.00143039,0.0,0.0,0.0,44.38260843,4.33990417,0.0,0.0,0.0,0.358820572
Spain,ESP,Europe & Central Asia,High income,2015,1.9399999999999997e-05,2.22e-05,7.75e-07,1.83e-07,0.256922643,3.66e-07,0.988600343,901.65,7314,21281,1030.535714,20325,48474,0,36,8.5,13,87,0.0,34.53375621,0.0,0.996623377,0.021320826,0.0,11932729,17,1719,17.02739519,33.27987169,2.134579397,0.983870968,0.16490509,2.226107669,29.03876416,7.1798475779999995,3.616210427,6.305003874,9.348079546000001,12.08524495,8.710318518,0.0,1.137471563,0.293914246,0.201644176,0.12444393599999999,0.0,82.93058082,0.0,65.01164738,8.533993378,0.0,0.062314422,1.044568245,2.97977084
Sweden,SWE,Europe & Central Asia,High income,2015,3.11e-05,1.93e-05,1.84e-06,2.65e-06,1.339551469,1.33e-06,0.936481777,304.94444439999995,3951,7988,189.202381,3939,10800,0,18,26.0,20,205,0.0,27.11180124,0.0,0.45408284,0.030482642,0.0,13126514,13,638,28.09520206,28.6287089,5.1360674589999995,14.24731183,0.8856112690000001,8.333016585,27.50785355,1.908324163,1.940867313,1.99610374,1.350623179,2.167439383,1.53852597,0.0,0.5524861879999999,0.899031812,0.31022180899999996,0.293229964,0.0,65.10723624,0.0,25.88774373,15.667017699999999,0.0,0.06882681,0.766016713,1.105930073
Switzerland,CHE,Europe & Central Asia,High income,2015,5.3400000000000004e-05,3.65e-05,5.8e-06,8.39e-06,4.770873549,1.09e-06,0.8223772159999999,442.6595238,8487,14811,302.0686869,15404,20807,0,48,69.5,78,871,0.0,25.42239722,0.0,1.0827513229999999,0.0237646,0.0,39514264,9,636,49.19025276,56.21491579999999,16.29653011,45.10752688,3.169842913,6.812624324,24.15619031,3.124951457,4.200562931,4.207765939,2.423495632,9.106755922,3.443503621,0.0,1.5274618130000002,2.403181189,1.209865054,1.2458697490000001,0.0,61.05024181,0.0,71.22254081,10.43661829,0.0,0.21277841100000003,0.487465181,1.1024632079999999
United Arab Emirates,ARE,Middle East & North Africa,High income,2015,1.13e-05,5.09e-06,1.08e-07,8.15e-06,0.296736443,3.24e-07,0.0,104.41666670000001,1100,3293,47.11666667,1184,2718,0,1,75.5,91,1120,0.0,0.0,0.0,0.32794871800000003,0.019676101,0.0,2748640,3,0,9.365067352999999,5.838011227000001,0.254774198,43.81720429999999,0.191409143,1.9600390230000002,0.0,0.136785645,0.520586843,0.47422860899999997,0.0,0.49994552700000006,0.0,0.0,0.0,2.610650069,1.411509229,1.602036875,0.0,0.0,0.0,16.79190867,7.253476129,0.0,0.012212981000000001,0.069637883,0.0
United Kingdom,GBR,Europe & Central Asia,High income,2015,3.01e-05,2.61e-05,2.24e-06,4.5e-06,10.23058877,1.57e-06,0.90034453,1961.2282109999999,44649,55864,1698.3226550000002,49329,97704,0,146,292.8333333,427,2256,0.0,25.73947906,0.0,0.9207790929999999,0.020119215,0.0,666306594,102,3410,27.14923566,39.53488372,6.263386918999999,24.19354839,6.804376187000001,9.853408846,26.44637204,16.54056376,22.21535856,17.51501616,15.69585719,29.640232899999997,18.08196334,0.0,4.71238219,10.12563393,6.623235612999999,3.226959992,0.0,61.81169333,0.0,59.54233355,7.598467006,0.0,3.632083181,6.963788301,5.911005564
United States of America,USA,North America,High income,2015,2.7699999999999996e-05,2.3e-05,2.31e-06,9.02e-06,24.20628654,2.68e-06,0.9708028890000001,8892.254401,200790,238246,7368.508369,165576,312763,0,742,2892.0,6447,69911,0.0,26.16876292,0.0,1.073428345,0.027411665,0.0,7763989047,861,21959,24.8789163,34.56295108,6.460667824,48.49462366,16.10800037,16.88522305,28.51598862,77.77188046,100.0,76.63378725,69.59490179,100.0,59.02156449,0.0,24.08189795,100.0,100.0,100.0,0.0,62.84259074,0.0,70.55023844,13.27607756,0.0,42.35166908,59.8189415,38.06444903
